label,x,y,trib_sf,P_D,Mx_D,My_D,M_D,P_L,Mx_L,My_L,M_L,P_D+L,Mx_D+L,My_D+L,M_D+L,P_1.2D+1.6L,Mx_1.2D+1.6L,My_1.2D+1.6L,M_1.2D+1.6L
C25,437.7896,464.9125,417.74,50.113,-14.346,2.398,14.545,16.704,-4.782,0.799,4.848,66.817,-19.129,3.197,19.394,86.862,-24.867,4.156,25.212
C21,413.6841,473.264,312.4,38.125,-64.471,15.43,66.291,12.708,-21.49,5.143,22.097,50.833,-85.961,20.573,88.388,66.083,-111.749,26.745,114.905
C31,462.8682,460.2338,312.67,38.404,-62.61,15.745,64.56,12.801,-20.87,5.248,21.52,51.206,-83.48,20.993,86.08,66.567,-108.525,27.291,111.903
C33,487.9452,455.5464,270.34,30.563,-32.839,-61.463,69.686,10.188,-10.946,-20.488,23.229,40.75,-43.785,-81.951,92.915,52.975,-56.92,-106.537,120.789
C45,525.6383,451.0619,209.81,25.711,-29.557,-45.969,54.652,8.57,-9.852,-15.323,18.217,34.282,-39.409,-61.292,72.869,44.566,-51.232,-79.68,94.729
C34,489.8111,474.7458,414.42,50.947,-65.038,-23.673,69.213,16.982,-21.679,-7.891,23.071,67.93,-86.718,-31.564,92.284,88.309,-112.733,-41.033,119.969
C28,442.6807,483.3728,469.58,56.349,-6.758,14.36,15.871,18.783,-2.253,4.787,5.29,75.132,-9.01,19.147,21.161,97.671,-11.713,24.891,27.509
C16,389.5764,481.6096,306.43,34.67,27.62,55.703,62.174,11.557,9.207,18.568,20.725,46.226,36.826,74.271,82.899,60.094,47.874,96.552,107.769
C17,397.4617,499.2139,367.57,44.29,-7.013,47.366,47.882,14.763,-2.338,15.789,15.961,59.054,-9.351,63.154,63.843,76.77,-12.156,82.1,82.995
C10,355.8014,498.4714,357.16,43.088,-54.401,12.781,55.882,14.363,-18.134,4.26,18.627,57.451,-72.534,17.041,74.509,74.687,-94.295,22.154,96.862
C12,365.1282,515.3522,473.62,61.176,-6.612,19.441,20.535,20.392,-2.204,6.48,6.845,81.568,-8.816,25.922,27.38,106.039,-11.46,33.698,35.594
C7,334.6386,512.7175,310.34,39.665,-54.225,29.433,61.699,13.222,-18.075,9.811,20.566,52.887,-72.3,39.245,82.265,68.753,-93.991,51.018,106.944
C8,344.707,527.6757,437.59,54.765,-0.466,0.809,0.934,18.255,-0.155,0.27,0.311,73.021,-0.622,1.079,1.245,94.927,-0.808,1.403,1.619
C46,525.6383,466.3215,474.4,62.623,-70.58,-4.726,70.738,20.874,-23.527,-1.575,23.579,83.497,-94.107,-6.302,94.318,108.546,-122.339,-8.192,122.613
C32,466.1768,477.9577,443.97,57.949,-11.724,8.813,14.667,19.316,-3.908,2.938,4.889,77.265,-15.631,11.751,19.556,100.444,-20.321,15.276,25.422
C22,419.5858,490.3021,448.83,55.957,-13.246,-17.326,21.809,18.652,-4.415,-5.775,7.27,74.609,-17.661,-23.102,29.079,96.992,-22.96,-30.032,37.803
C13,367.5073,563.453,288.47,41.484,81.842,21.292,84.566,13.828,27.281,7.097,28.189,55.312,109.122,28.39,112.755,71.905,141.859,36.907,146.581
C20,411.638,538.731,415.76,53.141,86.785,12.715,87.712,17.714,28.928,4.238,29.237,70.855,115.714,16.954,116.949,92.111,150.428,22.04,152.034
C30,449.3806,530.5831,158.37,18.837,49.608,21.31,53.992,6.279,16.536,7.103,17.997,25.116,66.145,28.413,71.989,32.651,85.988,36.937,93.586
C36,497.7611,521.273,274.74,34.834,115.689,-25.491,118.465,11.611,38.563,-8.497,39.488,46.446,154.252,-33.989,157.953,60.38,200.528,-44.185,205.339
C57,563.5494,451.0619,310.56,38.948,-38.526,36.833,53.301,12.983,-12.842,12.278,17.767,51.931,-51.368,49.111,71.068,67.511,-66.779,63.844,92.388
C58,563.5494,481.3579,180.71,28.585,52.063,-14.438,54.028,9.528,17.354,-4.813,18.009,38.114,69.417,-19.251,72.037,49.548,90.243,-25.026,93.648
C60,585.0963,451.0619,404.55,53.008,-123.552,0.118,123.552,17.669,-41.184,0.039,41.184,70.678,-164.736,0.157,164.736,91.881,-214.156,0.204,214.156
C9,354.4081,544.1493,467.76,60.832,1.811,34.699,34.746,20.277,0.604,11.566,11.582,81.109,2.415,46.266,46.328,105.441,3.139,60.145,60.227
C18,401.8615,517.7139,561.4,71.772,-26.34,8.008,27.531,23.924,-8.78,2.669,9.177,95.696,-35.121,10.678,36.708,124.405,-45.657,13.881,47.72
C27,441.5527,503.289,321.52,37.719,48.429,36.558,60.679,12.573,16.143,12.186,20.226,50.292,64.572,48.744,80.905,65.379,83.944,63.367,105.176
C35,495.3692,497.6606,609.04,78.155,1.121,10.454,10.514,26.052,0.374,3.485,3.505,104.206,1.495,13.939,14.019,135.468,1.943,18.12,18.224
C2,282.1941,552.6894,266.19,32.99,5.08,13.893,14.793,10.997,1.693,4.631,4.931,43.987,6.774,18.524,19.723,57.183,8.806,24.081,25.641
C42,518.9668,532.6749,131.13,15.159,-29.433,38.899,48.78,5.053,-9.811,12.966,16.26,20.212,-39.245,51.866,65.04,26.276,-51.018,67.426,84.552
C39,511.9876,549.3983,107.06,11.905,-14.431,35.043,37.898,3.968,-4.81,11.681,12.633,15.873,-19.24,46.724,50.531,20.634,-25.012,60.742,65.69
C55,553.4092,564.507,71.8,10.882,1.294,-12.13,12.199,3.627,0.431,-4.043,4.066,14.51,1.726,-16.173,16.265,18.863,2.243,-21.025,21.145
C40,511.9876,563.5903,109.8,12.434,11.439,35.334,37.14,4.145,3.813,11.778,12.38,16.579,15.252,47.112,49.52,21.553,19.827,61.246,64.376
C1,281.8255,568.2086,188.78,22.663,21.685,19.586,29.221,7.554,7.228,6.529,9.74,30.217,28.913,26.115,38.961,39.282,37.587,33.949,50.649
C3,300.5662,536.9203,243.34,29.601,-33.134,8.114,34.113,9.867,-11.045,2.705,11.371,39.468,-44.179,10.818,45.484,51.309,-57.433,14.064,59.13
C6,312.4114,552.197,214.96,24.716,8.576,-5.064,9.96,8.239,2.859,-1.688,3.32,32.954,11.435,-6.752,13.279,42.84,14.865,-8.777,17.263
C4,300.5719,558.6873,288.86,35.352,3.208,-17.218,17.515,11.784,1.069,-5.739,5.838,47.136,4.278,-22.958,23.353,61.277,5.561,-29.845,30.359
C5,310.2644,568.2086,118.69,14.028,6.987,-15.831,17.304,4.676,2.329,-5.277,5.768,18.704,9.316,-21.108,23.072,24.316,12.111,-27.44,29.994
C47,526.9277,519.9682,121.98,13.741,-27.862,33.311,43.427,4.58,-9.287,11.104,14.476,18.321,-37.15,44.415,57.903,23.817,-48.295,57.739,75.274
C50,534.79,507.1991,74.42,12.893,-2.537,-10.777,11.071,4.298,-0.846,-3.592,3.69,17.19,-3.383,-14.369,14.762,22.347,-4.398,-18.679,19.19
C44,524.4122,511.2824,170.88,19.935,38.982,-36.13,53.151,6.645,12.994,-12.043,17.717,26.579,51.977,-48.173,70.868,34.553,67.569,-62.625,92.128
C41,515.713,520.3758,134.12,12.838,38.55,-32.336,50.316,4.279,12.85,-10.779,16.772,17.117,51.4,-43.114,67.088,22.252,66.82,-56.048,87.215
C49,532.1432,564.632,176.67,22.008,20.393,-14.659,25.115,7.336,6.798,-4.886,8.372,29.344,27.191,-19.545,33.486,38.147,35.348,-25.408,43.532
C56,563.1069,564.632,24.01,0.623,-0.002,-1.621,1.621,0.208,-0.001,-0.54,0.54,0.83,-0.002,-2.162,2.162,1.079,-0.003,-2.81,2.81
C59,563.6069,547.1706,11.79,0.018,0.004,-0.372,0.372,0.006,0.001,-0.124,0.124,0.024,0.005,-0.496,0.496,0.031,0.006,-0.645,0.645
C43,521.3289,490.5385,485.71,63.825,14.052,-62.887,64.438,21.275,4.684,-20.962,21.479,85.099,18.736,-83.849,85.917,110.629,24.357,-109.004,111.692
C54,552.7057,466.0575,413.18,52.186,-19.582,-26.397,32.867,17.395,-6.527,-8.799,10.956,69.581,-26.109,-35.196,43.823,90.455,-33.942,-45.755,56.97
C53,552.6015,450.1452,198.47,20.223,-0.554,-24.565,24.571,6.741,-0.185,-8.188,8.19,26.964,-0.738,-32.753,32.761,35.053,-0.96,-42.579,42.59
C51,536.1696,450.1452,197.07,20.309,-23.597,32.495,40.159,6.77,-7.866,10.832,13.386,27.078,-31.463,43.326,53.545,35.202,-40.902,56.324,69.609
C38,500.5071,468.047,359.32,41.73,-24.006,71.977,75.874,13.91,-8.002,23.992,25.291,55.64,-32.009,95.969,101.166,72.332,-41.611,124.759,131.516
C15,384.8005,498.7173,354.82,40.624,-47.498,-43.149,64.171,13.541,-15.833,-14.383,21.39,54.165,-63.331,-57.532,85.561,70.414,-82.33,-74.792,111.23
C14,378.4432,486.6102,262.18,30.346,-12.728,-43.602,45.421,10.115,-4.243,-14.534,15.14,40.461,-16.97,-58.135,60.562,52.6,-22.061,-75.576,78.73
C11,361.7518,568.2086,104.59,7.407,16.346,-26.87,31.451,2.469,5.449,-8.957,10.484,9.876,21.794,-35.827,41.935,12.839,28.332,-46.575,54.516
C19,402.2987,549.7875,132.62,12.302,19.277,-15.089,24.48,4.101,6.426,-5.03,8.16,16.403,25.702,-20.119,32.64,21.323,33.413,-26.155,42.432
C26,438.346,534.8001,172.58,20.88,26.778,-43.009,50.664,6.96,8.926,-14.336,16.888,27.84,35.704,-57.346,67.552,36.192,46.415,-74.549,87.818
C23,428.4347,507.5283,332.53,39.679,3.401,-48.643,48.762,13.226,1.134,-16.214,16.254,52.905,4.535,-64.857,65.016,68.776,5.896,-84.315,84.521
C61,611.763,451.0619,470.04,62.417,-119.079,-27.985,122.323,20.806,-39.693,-9.328,40.774,83.222,-158.772,-37.314,163.098,108.189,-206.404,-48.508,212.027
C48,532.1432,548.2264,273.27,37.441,8.262,-29.227,30.373,12.48,2.754,-9.742,10.124,49.921,11.015,-38.97,40.497,64.898,14.32,-50.661,52.646
C29,446.0331,515.8954,273.88,31.474,6.518,52.678,53.08,10.491,2.173,17.559,17.693,41.965,8.691,70.237,70.773,54.555,11.299,91.308,92.005
C37,500.0874,454.3794,235.02,26.002,6.74,48.719,49.183,8.667,2.247,16.24,16.394,34.669,8.987,64.959,65.578,45.07,11.683,84.447,85.251
C24,432.7897,519.5115,308.13,36.922,-29.125,-61.237,67.81,12.307,-9.708,-20.412,22.603,49.23,-38.833,-81.649,90.413,63.999,-50.482,-106.143,117.537
C62,633.9627,451.0619,24.65,0.899,1.893,-0.232,1.907,0.3,0.631,-0.077,0.636,1.199,2.523,-0.31,2.542,1.559,3.28,-0.403,3.305
C52,543.8555,532.3988,354.96,48.135,32.351,-6.582,33.013,16.045,10.784,-2.194,11.004,64.18,43.134,-8.775,44.018,83.435,56.075,-11.408,57.223
